{
  "scenario_name": "A3_edge_agg_5s",
  "protocol": "mqtt",
  "architecture": "edge_aggregated",
  "traffic_level": "peak",
  "num_runs": 5,
  "seeds": [
    1000,
    1001,
    1002,
    1003,
    1004
  ],
  "run_ids": [
    "20260608T090957_47e597",
    "20260608T091003_9481b5",
    "20260608T091010_6e3a90",
    "20260608T091015_6446e0",
    "20260608T091021_c3645e"
  ],
  "metrics": {
    "latency_mean_ms": {
      "n": 5,
      "mean": 2622.558,
      "std": 35.517923,
      "ci95_low": 2578.463744,
      "ci95_high": 2666.652256,
      "ci95_halfwidth": 44.094256
    },
    "latency_p50_ms": {
      "n": 5,
      "mean": 2621.882,
      "std": 70.277514,
      "ci95_low": 2534.63493,
      "ci95_high": 2709.12907,
      "ci95_halfwidth": 87.24707
    },
    "latency_p95_ms": {
      "n": 5,
      "mean": 4855.612,
      "std": 19.602035,
      "ci95_low": 4831.276761,
      "ci95_high": 4879.947239,
      "ci95_halfwidth": 24.335239
    },
    "latency_p99_ms": {
      "n": 5,
      "mean": 5051.114,
      "std": 9.238795,
      "ci95_low": 5039.64436,
      "ci95_high": 5062.58364,
      "ci95_halfwidth": 11.46964
    },
    "e2e_unique_delivery_ratio": {
      "n": 5,
      "mean": 0.89008,
      "std": 0.008311,
      "ci95_low": 0.879763,
      "ci95_high": 0.900397,
      "ci95_halfwidth": 0.010317
    },
    "cloud_reflection_ratio": {
      "n": 5,
      "mean": 0.958,
      "std": 0.012728,
      "ci95_low": 0.942199,
      "ci95_high": 0.973801,
      "ci95_halfwidth": 0.015801
    },
    "physical_delivery_ratio": {
      "n": 5,
      "mean": 0.92974,
      "std": 0.002662,
      "ci95_low": 0.926435,
      "ci95_high": 0.933045,
      "ci95_halfwidth": 0.003305
    },
    "backhaul_delivery_ratio": {
      "n": 5,
      "mean": 0.98004,
      "std": 0.003533,
      "ci95_low": 0.975654,
      "ci95_high": 0.984426,
      "ci95_halfwidth": 0.004386
    },
    "message_reduction_ratio": {
      "n": 5,
      "mean": 0.79856,
      "std": 0.002292,
      "ci95_low": 0.795715,
      "ci95_high": 0.801405,
      "ci95_halfwidth": 0.002845
    },
    "aggregation_ratio": {
      "n": 5,
      "mean": 0.3901,
      "std": 0.005451,
      "ci95_low": 0.383333,
      "ci95_high": 0.396867,
      "ci95_halfwidth": 0.006767
    },
    "proto_bytes_sent": {
      "n": 5,
      "mean": 692417.8,
      "std": 10703.345234,
      "ci95_low": 679129.972139,
      "ci95_high": 705705.627861,
      "ci95_halfwidth": 13287.827861
    },
    "frames_e2c_sent": {
      "n": 5,
      "mean": 1843.6,
      "std": 15.565989,
      "ci95_low": 1824.275371,
      "ci95_high": 1862.924629,
      "ci95_halfwidth": 19.324629
    },
    "frames_e2c_delivered": {
      "n": 5,
      "mean": 1805.8,
      "std": 13.498148,
      "ci95_low": 1789.042522,
      "ci95_high": 1822.557478,
      "ci95_halfwidth": 16.757478
    },
    "bytes_e2c_sent": {
      "n": 5,
      "mean": 648413.6,
      "std": 10459.439674,
      "ci95_low": 635428.572341,
      "ci95_high": 661398.627659,
      "ci95_halfwidth": 12985.027659
    },
    "bytes_s2e_sent": {
      "n": 5,
      "mean": 184485.0,
      "std": 1958.904668,
      "ci95_low": 182053.088531,
      "ci95_high": 186916.911469,
      "ci95_halfwidth": 2431.911469
    },
    "proto_retransmissions": {
      "n": 5,
      "mean": 0.0,
      "std": 0.0,
      "ci95_low": 0.0,
      "ci95_high": 0.0,
      "ci95_halfwidth": 0.0
    },
    "proto_duplicate_deliveries": {
      "n": 5,
      "mean": 0.0,
      "std": 0.0,
      "ci95_low": 0.0,
      "ci95_high": 0.0,
      "ci95_halfwidth": 0.0
    },
    "unique_state_changes_applied_at_cloud": {
      "n": 5,
      "mean": 3089.8,
      "std": 63.574366,
      "ci95_low": 3010.874654,
      "ci95_high": 3168.725346,
      "ci95_halfwidth": 78.925346
    },
    "duplicate_events_at_cloud": {
      "n": 5,
      "mean": 0.0,
      "std": 0.0,
      "ci95_low": 0.0,
      "ci95_high": 0.0,
      "ci95_halfwidth": 0.0
    }
  }
}