{
  "scenario_name": "A5_edge_anomaly",
  "protocol": "mqtt",
  "architecture": "edge_filtered",
  "traffic_level": "peak",
  "num_runs": 5,
  "seeds": [
    1000,
    1001,
    1002,
    1003,
    1004
  ],
  "run_ids": [
    "20260608T091052_70c2e6",
    "20260608T091059_2f8284",
    "20260608T091107_4e3604",
    "20260608T091115_052a3c",
    "20260608T091124_475ba5"
  ],
  "metrics": {
    "latency_mean_ms": {
      "n": 5,
      "mean": 132.304,
      "std": 2.652401,
      "ci95_low": 129.011137,
      "ci95_high": 135.596863,
      "ci95_halfwidth": 3.292863
    },
    "latency_p50_ms": {
      "n": 5,
      "mean": 111.79,
      "std": 0.638122,
      "ci95_low": 110.997794,
      "ci95_high": 112.582206,
      "ci95_halfwidth": 0.792206
    },
    "latency_p95_ms": {
      "n": 5,
      "mean": 169.272,
      "std": 2.246034,
      "ci95_low": 166.483627,
      "ci95_high": 172.060373,
      "ci95_halfwidth": 2.788373
    },
    "latency_p99_ms": {
      "n": 5,
      "mean": 1108.624,
      "std": 6.591231,
      "ci95_low": 1100.441217,
      "ci95_high": 1116.806783,
      "ci95_halfwidth": 8.182783
    },
    "e2e_unique_delivery_ratio": {
      "n": 5,
      "mean": 0.92264,
      "std": 0.003139,
      "ci95_low": 0.918743,
      "ci95_high": 0.926537,
      "ci95_halfwidth": 0.003897
    },
    "cloud_reflection_ratio": {
      "n": 5,
      "mean": 0.9748,
      "std": 0.007694,
      "ci95_low": 0.965248,
      "ci95_high": 0.984352,
      "ci95_halfwidth": 0.009552
    },
    "physical_delivery_ratio": {
      "n": 5,
      "mean": 0.92958,
      "std": 0.002735,
      "ci95_low": 0.926184,
      "ci95_high": 0.932976,
      "ci95_halfwidth": 0.003396
    },
    "backhaul_delivery_ratio": {
      "n": 5,
      "mean": 1.0,
      "std": 0.0,
      "ci95_low": 1.0,
      "ci95_high": 1.0,
      "ci95_halfwidth": 0.0
    },
    "message_reduction_ratio": {
      "n": 5,
      "mean": 0.48432,
      "std": 0.002647,
      "ci95_low": 0.481034,
      "ci95_high": 0.487606,
      "ci95_halfwidth": 0.003286
    },
    "aggregation_ratio": {
      "n": 5,
      "mean": 1.0,
      "std": 0.0,
      "ci95_low": 1.0,
      "ci95_high": 1.0,
      "ci95_halfwidth": 0.0
    },
    "proto_bytes_sent": {
      "n": 5,
      "mean": 913692.2,
      "std": 17353.299202,
      "ci95_low": 892148.687428,
      "ci95_high": 935235.712572,
      "ci95_halfwidth": 21543.512572
    },
    "frames_e2c_sent": {
      "n": 5,
      "mean": 4720.2,
      "std": 87.095924,
      "ci95_low": 4612.073464,
      "ci95_high": 4828.326536,
      "ci95_halfwidth": 108.126536
    },
    "frames_e2c_delivered": {
      "n": 5,
      "mean": 4720.2,
      "std": 87.095924,
      "ci95_low": 4612.073464,
      "ci95_high": 4828.326536,
      "ci95_halfwidth": 108.126536
    },
    "bytes_e2c_sent": {
      "n": 5,
      "mean": 745441.4,
      "std": 13087.80678,
      "ci95_low": 729193.346727,
      "ci95_high": 761689.453273,
      "ci95_halfwidth": 16248.053273
    },
    "bytes_s2e_sent": {
      "n": 5,
      "mean": 184485.0,
      "std": 1958.904668,
      "ci95_low": 182053.088531,
      "ci95_high": 186916.911469,
      "ci95_halfwidth": 2431.911469
    },
    "proto_retransmissions": {
      "n": 5,
      "mean": 198.2,
      "std": 15.482248,
      "ci95_low": 178.979332,
      "ci95_high": 217.420668,
      "ci95_halfwidth": 19.220668
    },
    "proto_duplicate_deliveries": {
      "n": 5,
      "mean": 99.4,
      "std": 8.905055,
      "ci95_low": 88.344687,
      "ci95_high": 110.455313,
      "ci95_halfwidth": 11.055313
    },
    "unique_state_changes_applied_at_cloud": {
      "n": 5,
      "mean": 3203.2,
      "std": 85.115803,
      "ci95_low": 3097.531714,
      "ci95_high": 3308.868286,
      "ci95_halfwidth": 105.668286
    },
    "duplicate_events_at_cloud": {
      "n": 5,
      "mean": 0.0,
      "std": 0.0,
      "ci95_low": 0.0,
      "ci95_high": 0.0,
      "ci95_halfwidth": 0.0
    }
  }
}