{
  "scenario_name": "B1_mqtt_qos0",
  "protocol": "mqtt",
  "architecture": "edge_filtered",
  "traffic_level": "peak",
  "num_runs": 5,
  "seeds": [
    1000,
    1001,
    1002,
    1003,
    1004
  ],
  "run_ids": [
    "20260608T091313_92c2cf",
    "20260608T091326_0a733e",
    "20260608T091341_d5ee15",
    "20260608T091356_ed1b07",
    "20260608T091410_54e6f1"
  ],
  "metrics": {
    "latency_mean_ms": {
      "n": 5,
      "mean": 110.844,
      "std": 0.266515,
      "ci95_low": 110.513132,
      "ci95_high": 111.174868,
      "ci95_halfwidth": 0.330868
    },
    "latency_p50_ms": {
      "n": 5,
      "mean": 110.964,
      "std": 0.117601,
      "ci95_low": 110.818002,
      "ci95_high": 111.109998,
      "ci95_halfwidth": 0.145998
    },
    "latency_p95_ms": {
      "n": 5,
      "mean": 162.176,
      "std": 0.509048,
      "ci95_low": 161.544035,
      "ci95_high": 162.807965,
      "ci95_halfwidth": 0.631965
    },
    "latency_p99_ms": {
      "n": 5,
      "mean": 183.866,
      "std": 0.891869,
      "ci95_low": 182.758776,
      "ci95_high": 184.973224,
      "ci95_halfwidth": 1.107224
    },
    "e2e_unique_delivery_ratio": {
      "n": 5,
      "mean": 0.86908,
      "std": 0.003698,
      "ci95_low": 0.864489,
      "ci95_high": 0.873671,
      "ci95_halfwidth": 0.004591
    },
    "cloud_reflection_ratio": {
      "n": 5,
      "mean": 0.9688,
      "std": 0.006723,
      "ci95_low": 0.960454,
      "ci95_high": 0.977146,
      "ci95_halfwidth": 0.008346
    },
    "physical_delivery_ratio": {
      "n": 5,
      "mean": 0.92262,
      "std": 0.002203,
      "ci95_low": 0.919885,
      "ci95_high": 0.925355,
      "ci95_halfwidth": 0.002735
    },
    "backhaul_delivery_ratio": {
      "n": 5,
      "mean": 0.96994,
      "std": 0.000611,
      "ci95_low": 0.969182,
      "ci95_high": 0.970698,
      "ci95_halfwidth": 0.000758
    },
    "message_reduction_ratio": {
      "n": 5,
      "mean": 0.46532,
      "std": 0.001366,
      "ci95_low": 0.463624,
      "ci95_high": 0.467016,
      "ci95_halfwidth": 0.001696
    },
    "aggregation_ratio": {
      "n": 5,
      "mean": 1.0,
      "std": 0.0,
      "ci95_low": 1.0,
      "ci95_high": 1.0,
      "ci95_halfwidth": 0.0
    },
    "proto_bytes_sent": {
      "n": 5,
      "mean": 3775195.4,
      "std": 20402.180565,
      "ci95_low": 3749866.808107,
      "ci95_high": 3800523.991893,
      "ci95_halfwidth": 25328.591893
    },
    "frames_e2c_sent": {
      "n": 5,
      "mean": 20684.6,
      "std": 117.165695,
      "ci95_low": 20539.142898,
      "ci95_high": 20830.057102,
      "ci95_halfwidth": 145.457102
    },
    "frames_e2c_delivered": {
      "n": 5,
      "mean": 20063.0,
      "std": 106.997664,
      "ci95_low": 19930.166152,
      "ci95_high": 20195.833848,
      "ci95_halfwidth": 132.833848
    },
    "bytes_e2c_sent": {
      "n": 5,
      "mean": 3278765.0,
      "std": 17590.387688,
      "ci95_low": 3256927.150385,
      "ci95_high": 3300602.849615,
      "ci95_halfwidth": 21837.849615
    },
    "bytes_s2e_sent": {
      "n": 5,
      "mean": 778129.8,
      "std": 2792.320755,
      "ci95_low": 774663.231678,
      "ci95_high": 781596.368322,
      "ci95_halfwidth": 3466.568322
    },
    "proto_retransmissions": {
      "n": 5,
      "mean": 0.0,
      "std": 0.0,
      "ci95_low": 0.0,
      "ci95_high": 0.0,
      "ci95_halfwidth": 0.0
    },
    "proto_duplicate_deliveries": {
      "n": 5,
      "mean": 0.0,
      "std": 0.0,
      "ci95_low": 0.0,
      "ci95_high": 0.0,
      "ci95_halfwidth": 0.0
    },
    "unique_state_changes_applied_at_cloud": {
      "n": 5,
      "mean": 13883.4,
      "std": 110.260147,
      "ci95_low": 13746.515893,
      "ci95_high": 14020.284107,
      "ci95_halfwidth": 136.884107
    },
    "duplicate_events_at_cloud": {
      "n": 5,
      "mean": 0.0,
      "std": 0.0,
      "ci95_low": 0.0,
      "ci95_high": 0.0,
      "ci95_halfwidth": 0.0
    }
  }
}