{
  "scenario_name": "B3_mqtt_qos2",
  "protocol": "mqtt",
  "architecture": "edge_filtered",
  "traffic_level": "peak",
  "num_runs": 5,
  "seeds": [
    1000,
    1001,
    1002,
    1003,
    1004
  ],
  "run_ids": [
    "20260608T091544_301821",
    "20260608T091604_f12131",
    "20260608T091622_72336a",
    "20260608T091640_cf3dfb",
    "20260608T091659_244a95"
  ],
  "metrics": {
    "latency_mean_ms": {
      "n": 5,
      "mean": 144.782,
      "std": 1.1071,
      "ci95_low": 143.407574,
      "ci95_high": 146.156426,
      "ci95_halfwidth": 1.374426
    },
    "latency_p50_ms": {
      "n": 5,
      "mean": 113.16,
      "std": 0.185068,
      "ci95_low": 112.930245,
      "ci95_high": 113.389755,
      "ci95_halfwidth": 0.229755
    },
    "latency_p95_ms": {
      "n": 5,
      "mean": 176.398,
      "std": 1.128526,
      "ci95_low": 174.996975,
      "ci95_high": 177.799025,
      "ci95_halfwidth": 1.401025
    },
    "latency_p99_ms": {
      "n": 5,
      "mean": 1130.15,
      "std": 3.419583,
      "ci95_low": 1125.904707,
      "ci95_high": 1134.395293,
      "ci95_halfwidth": 4.245293
    },
    "e2e_unique_delivery_ratio": {
      "n": 5,
      "mean": 0.91344,
      "std": 0.002393,
      "ci95_low": 0.910469,
      "ci95_high": 0.916411,
      "ci95_halfwidth": 0.002971
    },
    "cloud_reflection_ratio": {
      "n": 5,
      "mean": 0.9752,
      "std": 0.008319,
      "ci95_low": 0.964873,
      "ci95_high": 0.985527,
      "ci95_halfwidth": 0.010327
    },
    "physical_delivery_ratio": {
      "n": 5,
      "mean": 0.92244,
      "std": 0.001937,
      "ci95_low": 0.920035,
      "ci95_high": 0.924845,
      "ci95_halfwidth": 0.002405
    },
    "backhaul_delivery_ratio": {
      "n": 5,
      "mean": 1.0,
      "std": 0.0,
      "ci95_low": 1.0,
      "ci95_high": 1.0,
      "ci95_halfwidth": 0.0
    },
    "message_reduction_ratio": {
      "n": 5,
      "mean": 0.46532,
      "std": 0.001366,
      "ci95_low": 0.463624,
      "ci95_high": 0.467016,
      "ci95_halfwidth": 0.001696
    },
    "aggregation_ratio": {
      "n": 5,
      "mean": 1.0,
      "std": 0.0,
      "ci95_low": 1.0,
      "ci95_high": 1.0,
      "ci95_halfwidth": 0.0
    },
    "proto_bytes_sent": {
      "n": 5,
      "mean": 4517316.0,
      "std": 18753.045313,
      "ci95_low": 4494034.751705,
      "ci95_high": 4540597.248295,
      "ci95_halfwidth": 23281.248295
    },
    "frames_e2c_sent": {
      "n": 5,
      "mean": 20684.6,
      "std": 117.165695,
      "ci95_low": 20539.142898,
      "ci95_high": 20830.057102,
      "ci95_halfwidth": 145.457102
    },
    "frames_e2c_delivered": {
      "n": 5,
      "mean": 20684.6,
      "std": 117.165695,
      "ci95_low": 20539.142898,
      "ci95_high": 20830.057102,
      "ci95_halfwidth": 145.457102
    },
    "bytes_e2c_sent": {
      "n": 5,
      "mean": 3278765.0,
      "std": 17590.387688,
      "ci95_low": 3256927.150385,
      "ci95_high": 3300602.849615,
      "ci95_halfwidth": 21837.849615
    },
    "bytes_s2e_sent": {
      "n": 5,
      "mean": 778129.8,
      "std": 2792.320755,
      "ci95_low": 774663.231678,
      "ci95_high": 781596.368322,
      "ci95_halfwidth": 3466.568322
    },
    "proto_retransmissions": {
      "n": 5,
      "mean": 2707.6,
      "std": 32.989392,
      "ci95_low": 2666.644826,
      "ci95_high": 2748.555174,
      "ci95_halfwidth": 40.955174
    },
    "proto_duplicate_deliveries": {
      "n": 5,
      "mean": 2003.2,
      "std": 38.401823,
      "ci95_low": 1955.525483,
      "ci95_high": 2050.874517,
      "ci95_halfwidth": 47.674517
    },
    "unique_state_changes_applied_at_cloud": {
      "n": 5,
      "mean": 14592.4,
      "std": 124.029432,
      "ci95_low": 14438.421809,
      "ci95_high": 14746.378191,
      "ci95_halfwidth": 153.978191
    },
    "duplicate_events_at_cloud": {
      "n": 5,
      "mean": 0.0,
      "std": 0.0,
      "ci95_low": 0.0,
      "ci95_high": 0.0,
      "ci95_halfwidth": 0.0
    }
  }
}