{
  "scenario_name": "B5_coap_con",
  "protocol": "coap",
  "architecture": "edge_filtered",
  "traffic_level": "peak",
  "num_runs": 5,
  "seeds": [
    1000,
    1001,
    1002,
    1003,
    1004
  ],
  "run_ids": [
    "20260608T091831_c63e35",
    "20260608T091849_0288d5",
    "20260608T091904_71d089",
    "20260608T091919_733525",
    "20260608T091935_08acb2"
  ],
  "metrics": {
    "latency_mean_ms": {
      "n": 5,
      "mean": 191.912,
      "std": 4.769787,
      "ci95_low": 185.990476,
      "ci95_high": 197.833524,
      "ci95_halfwidth": 5.921524
    },
    "latency_p50_ms": {
      "n": 5,
      "mean": 112.292,
      "std": 0.506132,
      "ci95_low": 111.663654,
      "ci95_high": 112.920346,
      "ci95_halfwidth": 0.628346
    },
    "latency_p95_ms": {
      "n": 5,
      "mean": 175.704,
      "std": 1.008677,
      "ci95_low": 174.451762,
      "ci95_high": 176.956238,
      "ci95_halfwidth": 1.252238
    },
    "latency_p99_ms": {
      "n": 5,
      "mean": 2787.29,
      "std": 25.934803,
      "ci95_low": 2755.092851,
      "ci95_high": 2819.487149,
      "ci95_halfwidth": 32.197149
    },
    "e2e_unique_delivery_ratio": {
      "n": 5,
      "mean": 0.90918,
      "std": 0.004829,
      "ci95_low": 0.903185,
      "ci95_high": 0.915175,
      "ci95_halfwidth": 0.005995
    },
    "cloud_reflection_ratio": {
      "n": 5,
      "mean": 0.9684,
      "std": 0.00994,
      "ci95_low": 0.95606,
      "ci95_high": 0.98074,
      "ci95_halfwidth": 0.01234
    },
    "physical_delivery_ratio": {
      "n": 5,
      "mean": 0.92182,
      "std": 0.00187,
      "ci95_low": 0.919498,
      "ci95_high": 0.924142,
      "ci95_halfwidth": 0.002322
    },
    "backhaul_delivery_ratio": {
      "n": 5,
      "mean": 1.0,
      "std": 0.0,
      "ci95_low": 1.0,
      "ci95_high": 1.0,
      "ci95_halfwidth": 0.0
    },
    "message_reduction_ratio": {
      "n": 5,
      "mean": 0.46568,
      "std": 0.001001,
      "ci95_low": 0.464437,
      "ci95_high": 0.466923,
      "ci95_halfwidth": 0.001243
    },
    "aggregation_ratio": {
      "n": 5,
      "mean": 1.0,
      "std": 0.0,
      "ci95_low": 1.0,
      "ci95_high": 1.0,
      "ci95_halfwidth": 0.0
    },
    "proto_bytes_sent": {
      "n": 5,
      "mean": 3658932.0,
      "std": 17742.498485,
      "ci95_low": 3636905.310163,
      "ci95_high": 3680958.689837,
      "ci95_halfwidth": 22026.689837
    },
    "frames_e2c_sent": {
      "n": 5,
      "mean": 20660.8,
      "std": 83.517663,
      "ci95_low": 20557.11575,
      "ci95_high": 20764.48425,
      "ci95_halfwidth": 103.68425
    },
    "frames_e2c_delivered": {
      "n": 5,
      "mean": 20660.8,
      "std": 83.517663,
      "ci95_low": 20557.11575,
      "ci95_high": 20764.48425,
      "ci95_halfwidth": 103.68425
    },
    "bytes_e2c_sent": {
      "n": 5,
      "mean": 3275322.8,
      "std": 12716.325715,
      "ci95_low": 3259535.927445,
      "ci95_high": 3291109.672555,
      "ci95_halfwidth": 15786.872555
    },
    "bytes_s2e_sent": {
      "n": 5,
      "mean": 778129.8,
      "std": 2792.320755,
      "ci95_low": 774663.231678,
      "ci95_high": 781596.368322,
      "ci95_halfwidth": 3466.568322
    },
    "proto_retransmissions": {
      "n": 5,
      "mean": 1310.2,
      "std": 34.967127,
      "ci95_low": 1266.789537,
      "ci95_high": 1353.610463,
      "ci95_halfwidth": 43.410463
    },
    "proto_duplicate_deliveries": {
      "n": 5,
      "mean": 641.2,
      "std": 28.261281,
      "ci95_low": 606.114611,
      "ci95_high": 676.285389,
      "ci95_halfwidth": 35.085389
    },
    "unique_state_changes_applied_at_cloud": {
      "n": 5,
      "mean": 14524.0,
      "std": 77.152446,
      "ci95_low": 14428.217943,
      "ci95_high": 14619.782057,
      "ci95_halfwidth": 95.782057
    },
    "duplicate_events_at_cloud": {
      "n": 5,
      "mean": 0.0,
      "std": 0.0,
      "ci95_low": 0.0,
      "ci95_high": 0.0,
      "ci95_halfwidth": 0.0
    }
  }
}